hair spa,hair care
senior haircut,hair care
student haircut, hair care
hot oil,hair care
haircut,hair care
hair cut, hair care
hair trim,hair care
hair work,hair care
manicure,nail care
pedicure,nail care
manicures,nail care
pedicures,nail care
Foot spa,nail care
hand parafin,nail care
foot parafin,nail care
make up,hair and make up
hair,hair and make up
eyebrow shaving,hair and make up
eyebrow threading,hair and make up
root coloring,coloring
change hair color,coloring
add hair highlights,highlights
hair streaks,hightlights
touch of color,highlights
waxing,waxing
spa,spa